Country,Egypt,Ghana,Nigeria,Rwanda,South Africa,Togo
Egypt,1.0,0.7282145117489108,-0.23452803867602412,-0.721875415607635,-0.7993627897583981,0.1756082657152458
Ghana,0.7282145117489108,1.0,-0.8039315834591343,-0.800132406239896,-0.8360147808902421,-0.779983688189177
Nigeria,-0.23452803867602412,-0.8039315834591343,1.0,0.7775131479052323,0.6538863015501514,0.6453277341584188
Rwanda,-0.721875415607635,-0.800132406239896,0.7775131479052323,1.0,0.9704896715736195,0.6775739824488798
South Africa,-0.7993627897583981,-0.8360147808902421,0.6538863015501514,0.9704896715736195,1.0,0.26108838043974014
Togo,0.1756082657152458,-0.779983688189177,0.6453277341584188,0.6775739824488798,0.26108838043974014,1.0
