Country,Year,Baseline_Risk_Score,Post_Shock_Risk_Score,Risk_Increase_Percentage,Risk_Multiplier,Baseline_Debt_to_GDP,Post_Shock_Debt_to_GDP,Baseline_Deficit_to_GDP,Post_Shock_Deficit_to_GDP,Baseline_Revenue,Post_Shock_Revenue,Scenario,Shock_Percentage
Nigeria,2024.0,6.7088820397870546,6.7088820397870546,0.0,1.0,43.84634548925745,43.84634548925745,-0.3465227220588511,9.65347727794115,449.657,404.6913,Moderate Shock,-10
Nigeria,2024.0,6.7088820397870546,6.7088820397870546,0.0,1.0,43.84634548925745,43.84634548925745,-0.3465227220588511,19.65347727794115,449.657,359.7256,Severe Shock,-20
Nigeria,2024.0,6.7088820397870546,6.7088820397870546,0.0,1.0,43.84634548925745,43.84634548925745,-0.3465227220588511,29.65347727794115,449.657,314.75989999999996,Extreme Shock,-30
